--Statusi
Insert into STATUS (ID,BARVA,OPIS,SIFRA) values (1,'#ccc9bf','V pripravi','01');
Insert into STATUS (ID,BARVA,OPIS,SIFRA) values (2,'#b99de0','Zaključen','02');
Insert into STATUS (ID,BARVA,OPIS,SIFRA) values (3,'#7874bf','Posredovano na CIF','03');
Insert into STATUS (ID,BARVA,OPIS,SIFRA) values (4,'#f2f0e8','Izbrisano','04');
Insert into STATUS (ID,BARVA,OPIS,SIFRA) values (5,'#4cbf3d','Preverjen','05');
Insert into STATUS (ID,BARVA,OPIS,SIFRA) values (6,'#c14545','Zavrnjen','06');
Insert into STATUS (ID,BARVA,OPIS,SIFRA) values (7,'#2ac7d6','Posredovano na SIGOV-CA','07');
Insert into STATUS (ID,BARVA,OPIS,SIFRA) values (8,'#1b6625','Dokončan','08');

--Statusi imetnik
Insert into STATUS_IMETNIK (ID,BARVA,OPIS,SIFRA) values (1,'#ccc9bf','V pripravi','01');
Insert into STATUS_IMETNIK (ID,BARVA,OPIS,SIFRA) values (2,'#b99de0','Zaključen','02');
Insert into STATUS_IMETNIK (ID,BARVA,OPIS,SIFRA) values (3,'#7874bf','Posredovano na CIF','03');
Insert into STATUS_IMETNIK (ID,BARVA,OPIS,SIFRA) values (4,'#f2f0e8','Izbrisano','04');
Insert into STATUS_IMETNIK (ID,BARVA,OPIS,SIFRA) values (5,'#4cbf3d','Potrjen','05');
Insert into STATUS_IMETNIK (ID,BARVA,OPIS,SIFRA) values (6,'#c14545','Zavrnjen','06');
Insert into STATUS_IMETNIK (ID,BARVA,OPIS,SIFRA) values (7,'#2ac7d6','Posredovano na SIGOV-CA','07');
Insert into STATUS_IMETNIK (ID,BARVA,OPIS,SIFRA) values (8,'#0d5cc4','Pametna kartica odpremljena','08');
Insert into STATUS_IMETNIK (ID,BARVA,OPIS,SIFRA) values (9,'#1b6625','Pametna kartica prevzeta','09');
Insert into STATUS_IMETNIK (ID,BARVA,OPIS,SIFRA) values (10,'#CCFFCC','Imetnik prenešen na drugo sodišče','10');

--Statusi certifikat
Insert into STATUS_CERTIFIKAT (ID,OPIS,SIFRA) values (1,'V pripravi','01');
Insert into STATUS_CERTIFIKAT (ID,OPIS,SIFRA) values (2,'Prevzet na VSRS','02');
Insert into STATUS_CERTIFIKAT (ID,OPIS,SIFRA) values (3,'Prevzet','03');
Insert into STATUS_CERTIFIKAT (ID,OPIS,SIFRA) values (4,'Preklican','04');
Insert into STATUS_CERTIFIKAT (ID,OPIS,SIFRA) values (5,'Pretekel','05');
Insert into STATUS_CERTIFIKAT (ID,OPIS,SIFRA) values (6,'Zavrnjen','06');
Insert into STATUS_CERTIFIKAT (ID,OPIS,SIFRA) values (7,'Ostalo','07');


--Zahtevki
Insert into ZAHTEVEK (ID,CREATEDBY,CREATEDDATE,CRTNA_KODA,HISNA_STEVILKA,IME_ORGANIZACIJE,IZVOZI,ENASLOV_K,FUNKCIJA_K,IME_K,PRIIMEK_K,TELEFON_K,LASTMODIFIEDBY,LASTMODIFIEDDATE,NASELJE,NATISNJENO,NAZIV_POSTE,POSTNA_STEVILKA,ENASLOV_P,FUNKCIJA_P,IME_P,PRIIMEK_P,SIFRA_ORGANIZACIJE,ULICA,STATUS_ID) values (10,null,null,'OS016978994862831','9','Vrhovno sodisce RS',false,'ime.priimek@sodisce.si','Sodnik','Ime','Priimek','01239324234',null,null,'Ljubljana',false,'Ljubljana','1000','ime1.priimek1@sodisce.si','Sodnik II','Ime1','Priimek1','S01','Tavčarjeva ',1);



--Brisanje
Insert into ZAHTEVEK (ID,CREATEDBY,CREATEDDATE,CRTNA_KODA,HISNA_STEVILKA,IME_ORGANIZACIJE,IZVOZI,ENASLOV_K,FUNKCIJA_K,IME_K,PRIIMEK_K,TELEFON_K,LASTMODIFIEDBY,LASTMODIFIEDDATE,NASELJE,NATISNJENO,NAZIV_POSTE,POSTNA_STEVILKA,ENASLOV_P,FUNKCIJA_P,IME_P,PRIIMEK_P,SIFRA_ORGANIZACIJE,ULICA,STATUS_ID) values (12,null,null,'OS016978114862831','9','Vrhovno sodisce RS',false,'ime.priimek@sodisce.si','Sodnik','Ime','Priimek','01239324234',null,null,'Ljubljana',false,'Ljubljana','1000','ime1.priimek1@sodisce.si','Sodnik II','Ime1','Priimek1','S01','Tavčarjeva ',1);
Insert into ZAHTEVEK (ID,CREATEDBY,CREATEDDATE,CRTNA_KODA,HISNA_STEVILKA,IME_ORGANIZACIJE,IZVOZI,ENASLOV_K,FUNKCIJA_K,IME_K,PRIIMEK_K,TELEFON_K,LASTMODIFIEDBY,LASTMODIFIEDDATE,NASELJE,NATISNJENO,NAZIV_POSTE,POSTNA_STEVILKA,ENASLOV_P,FUNKCIJA_P,IME_P,PRIIMEK_P,SIFRA_ORGANIZACIJE,ULICA,STATUS_ID) values (13,null,null,'OS066328994862831','9','Vrhovno sodisce RS',false,'ime.priimek@sodisce.si','Sodnik','Ime','Priimek','01239324234',null,null,'Ljubljana',false,'Ljubljana','1000','ime1.priimek1@sodisce.si','Sodnik II','Ime1','Priimek1','S01','Tavčarjeva ',1);

--Brez imetnikov
Insert into ZAHTEVEK (ID,CREATEDBY,CREATEDDATE,CRTNA_KODA,HISNA_STEVILKA,IME_ORGANIZACIJE,IZVOZI,ENASLOV_K,FUNKCIJA_K,IME_K,PRIIMEK_K,TELEFON_K,LASTMODIFIEDBY,LASTMODIFIEDDATE,NASELJE,NATISNJENO,NAZIV_POSTE,POSTNA_STEVILKA,ENASLOV_P,FUNKCIJA_P,IME_P,PRIIMEK_P,SIFRA_ORGANIZACIJE,ULICA,STATUS_ID) values (14,null,null,'OS017728945862831','9','Vrhovno sodisce RS',false,'ime.priimek@sodisce.si','Sodnik','Ime','Priimek','01239324234',null,null,'Ljubljana',false,'Ljubljana','1000','ime1.priimek1@sodisce.si','Sodnik II','Ime1','Priimek1','S01','Tavčarjeva ',1);

--Izbrisan zahtevek
Insert into ZAHTEVEK (ID,CREATEDBY,CREATEDDATE,CRTNA_KODA,HISNA_STEVILKA,IME_ORGANIZACIJE,IZVOZI,ENASLOV_K,FUNKCIJA_K,IME_K,PRIIMEK_K,TELEFON_K,LASTMODIFIEDBY,LASTMODIFIEDDATE,NASELJE,NATISNJENO,NAZIV_POSTE,POSTNA_STEVILKA,ENASLOV_P,FUNKCIJA_P,IME_P,PRIIMEK_P,SIFRA_ORGANIZACIJE,ULICA,STATUS_ID) values (15,null,null,'OS017721245062831','9','Vrhovno sodisce RS Izbrisan',false,'ime.priimek@sodisce.si','Sodnik','Ime','Priimek','01239324234',null,null,'Ljubljana',false,'Ljubljana','1000','ime1.priimek1@sodisce.si','Sodnik II','Ime1','Priimek1','S01','Tavčarjeva ',4);

--Za zavrnitev
Insert into ZAHTEVEK (ID,CREATEDBY,CREATEDDATE,CRTNA_KODA,HISNA_STEVILKA,IME_ORGANIZACIJE,IZVOZI,ENASLOV_K,FUNKCIJA_K,IME_K,PRIIMEK_K,TELEFON_K,LASTMODIFIEDBY,LASTMODIFIEDDATE,NASELJE,NATISNJENO,NAZIV_POSTE,POSTNA_STEVILKA,ENASLOV_P,FUNKCIJA_P,IME_P,PRIIMEK_P,SIFRA_ORGANIZACIJE,ULICA,STATUS_ID) values (16,null,null,'OS017744445062831','9','Vrhovno sodisce RS Izbrisan',false,'ime.priimek@sodisce.si','Sodnik','Ime','Priimek','01239324234',null,null,'Ljubljana',false,'Ljubljana','1000','ime1.priimek1@sodisce.si','Sodnik II','Ime1','Priimek1','S01','Tavčarjeva ',3);

--ENDZahtevki

--Imetniki
Insert into IMETNIK (ID,CREATEDBY,CREATEDDATE,CRTNA_KODA,DAVCNA,ENASLOV,EMSO,GESLO_ZA_PRIKLIC,IMA_CITALEC,IMA_CITALEC_VSRS,IMA_PAMETNO_KARTICO,IME,KADR_ST,LASTMODIFIEDBY,LASTMODIFIEDDATE,NATISNJENO,OBRAZLOZITEV,POT_NA_PAMETNI_KARTICI,POTRDILO,PRIIMEK,STATUS_IMETNIK_ID,ZAHTEVEK_ID,IMA_PAMETNO_KARTICO_VSRS,IZVOZI,NATISNJENO_KONCNO,DATUM_PREJEMA_OPREME,SIFRA_ORGANIZACIJE) values (10,null,null,'IS011246305862831','55555555','miha.koncilja@sodisce.si',null,'geslo','DA','DA','NE','Miha',null,null,null,false,null,'DA','Spletno','Koncilja',1,10,'NE',false,false,null,'S01');
Insert into IMETNIK (ID,CREATEDBY,CREATEDDATE,CRTNA_KODA,DAVCNA,ENASLOV,EMSO,GESLO_ZA_PRIKLIC,IMA_CITALEC,IMA_CITALEC_VSRS,IMA_PAMETNO_KARTICO,IME,KADR_ST,LASTMODIFIEDBY,LASTMODIFIEDDATE,NATISNJENO,OBRAZLOZITEV,POT_NA_PAMETNI_KARTICI,POTRDILO,PRIIMEK,STATUS_IMETNIK_ID,ZAHTEVEK_ID,IMA_PAMETNO_KARTICO_VSRS,IZVOZI,NATISNJENO_KONCNO,DATUM_PREJEMA_OPREME,SIFRA_ORGANIZACIJE) values (12,null,null,'IS013020930720831','44444444','andrej.koncilja@sodisce.si','1234567890123','geslo123','DA','DA','NE','Andrej',null,null,null,false,null,'DA','Spletno','Koncilja',1,10,'NE',false,false,null,'S01');
Insert into IMETNIK (ID,CREATEDBY,CREATEDDATE,CRTNA_KODA,DAVCNA,ENASLOV,EMSO,GESLO_ZA_PRIKLIC,IMA_CITALEC,IMA_CITALEC_VSRS,IMA_PAMETNO_KARTICO,IME,KADR_ST,LASTMODIFIEDBY,LASTMODIFIEDDATE,NATISNJENO,OBRAZLOZITEV,POT_NA_PAMETNI_KARTICI,POTRDILO,PRIIMEK,STATUS_IMETNIK_ID,ZAHTEVEK_ID,IMA_PAMETNO_KARTICO_VSRS,IZVOZI,NATISNJENO_KONCNO,DATUM_PREJEMA_OPREME,SIFRA_ORGANIZACIJE) values (13,null,null,'IS014043330170831','33333333','marko.oman@sodisce.si','1234567890123','geslo456','DA','DA','NE','Marko',null,null,null,false,null,'DA','Spletno','Oman',4,10,'NE',false,false,null,'S01');

--Izbrisani imetniki
Insert into IMETNIK (ID,CREATEDBY,CREATEDDATE,CRTNA_KODA,DAVCNA,ENASLOV,EMSO,GESLO_ZA_PRIKLIC,IMA_CITALEC,IMA_CITALEC_VSRS,IMA_PAMETNO_KARTICO,IME,KADR_ST,LASTMODIFIEDBY,LASTMODIFIEDDATE,NATISNJENO,OBRAZLOZITEV,POT_NA_PAMETNI_KARTICI,POTRDILO,PRIIMEK,STATUS_IMETNIK_ID,ZAHTEVEK_ID,IMA_PAMETNO_KARTICO_VSRS,IZVOZI,NATISNJENO_KONCNO,DATUM_PREJEMA_OPREME,SIFRA_ORGANIZACIJE) values (14,null,null,'IS014223330122831','33333333','marko.oman@sodisce.si',null,'geslo456','DA','DA','NE','Marko',null,null,null,false,null,'DA','Spletno','Oman',4,15,'NE',false,false,null,'S01');
Insert into IMETNIK (ID,CREATEDBY,CREATEDDATE,CRTNA_KODA,DAVCNA,ENASLOV,EMSO,GESLO_ZA_PRIKLIC,IMA_CITALEC,IMA_CITALEC_VSRS,IMA_PAMETNO_KARTICO,IME,KADR_ST,LASTMODIFIEDBY,LASTMODIFIEDDATE,NATISNJENO,OBRAZLOZITEV,POT_NA_PAMETNI_KARTICI,POTRDILO,PRIIMEK,STATUS_IMETNIK_ID,ZAHTEVEK_ID,IMA_PAMETNO_KARTICO_VSRS,IZVOZI,NATISNJENO_KONCNO,DATUM_PREJEMA_OPREME,SIFRA_ORGANIZACIJE) values (15,null,null,'IS011153330171131','33333333','miha.koncilja@sodisce.si',null,'geslo456','DA','DA','NE','Miha',null,null,null,false,null,'DA','Spletno','Koncilja',4,15,'NE',false,false,null,'S01');

--Za zavrnitev
Insert into IMETNIK (ID,CREATEDBY,CREATEDDATE,CRTNA_KODA,DAVCNA,ENASLOV,EMSO,GESLO_ZA_PRIKLIC,IMA_CITALEC,IMA_CITALEC_VSRS,IMA_PAMETNO_KARTICO,IME,KADR_ST,LASTMODIFIEDBY,LASTMODIFIEDDATE,NATISNJENO,OBRAZLOZITEV,POT_NA_PAMETNI_KARTICI,POTRDILO,PRIIMEK,STATUS_IMETNIK_ID,ZAHTEVEK_ID,IMA_PAMETNO_KARTICO_VSRS,IZVOZI,NATISNJENO_KONCNO,DATUM_PREJEMA_OPREME,SIFRA_ORGANIZACIJE) values (16,null,null,'IS014221130155531','33333333','marko1.oman@sodisce.si',null,'geslo456','DA','DA','NE','Marko',null,null,null,false,null,'DA','Spletno','Oman',3,16,'NE',false,false,null,'S01');
Insert into IMETNIK (ID,CREATEDBY,CREATEDDATE,CRTNA_KODA,DAVCNA,ENASLOV,EMSO,GESLO_ZA_PRIKLIC,IMA_CITALEC,IMA_CITALEC_VSRS,IMA_PAMETNO_KARTICO,IME,KADR_ST,LASTMODIFIEDBY,LASTMODIFIEDDATE,NATISNJENO,OBRAZLOZITEV,POT_NA_PAMETNI_KARTICI,POTRDILO,PRIIMEK,STATUS_IMETNIK_ID,ZAHTEVEK_ID,IMA_PAMETNO_KARTICO_VSRS,IZVOZI,NATISNJENO_KONCNO,DATUM_PREJEMA_OPREME,SIFRA_ORGANIZACIJE) values (17,null,null,'IS011553330199931','33333333','miha1.koncilja@sodisce.si',null,'geslo456','DA','DA','NE','Andrej',null,null,null,false,null,'DA','Spletno','Koncilja',3,16,'NE',false,false,null,'S01');
Insert into IMETNIK (ID,CREATEDBY,CREATEDDATE,CRTNA_KODA,DAVCNA,ENASLOV,EMSO,GESLO_ZA_PRIKLIC,IMA_CITALEC,IMA_CITALEC_VSRS,IMA_PAMETNO_KARTICO,IME,KADR_ST,LASTMODIFIEDBY,LASTMODIFIEDDATE,NATISNJENO,OBRAZLOZITEV,POT_NA_PAMETNI_KARTICI,POTRDILO,PRIIMEK,STATUS_IMETNIK_ID,ZAHTEVEK_ID,IMA_PAMETNO_KARTICO_VSRS,IZVOZI,NATISNJENO_KONCNO,DATUM_PREJEMA_OPREME,SIFRA_ORGANIZACIJE) values (18,null,null,'IS011511110199931','33333333','miha2.koncilja@sodisce.si',null,'geslo456','DA','DA','NE','Miha2',null,null,null,false,null,'DA','Spletno','Koncilja',4,16,'NE',false,false,null,'S01');

--Opombe

Insert into OPOMBA (ID,CREATEDBY,CREATEDDATE,DATUM,LASTMODIFIEDBY,LASTMODIFIEDDATE,NASLOV,KADR_ST,UPORABNIK_IME,UPORABNIK_PRIIMEK,UPORABNIK_SODISCE,VSEBINA,ZAHTEVEK_ID) values (10,null,null,'2013-09-13 10:26:51',null,null,'Opomba1','T200003','Ime','Priimek','S23','opomba1 tekst.',10);
Insert into OPOMBA (ID,CREATEDBY,CREATEDDATE,DATUM,LASTMODIFIEDBY,LASTMODIFIEDDATE,NASLOV,KADR_ST,UPORABNIK_IME,UPORABNIK_PRIIMEK,UPORABNIK_SODISCE,VSEBINA,ZAHTEVEK_ID) values (12,null,null,'2013-09-10 12:37:29',null,null,'Opomba2','T200003','Ime','Priimek','S23','opomba2 tekst',10);




--Zahtevek temp
Insert into ZAHTEVEK_TEMP (ID,HISNA_STEVILKA,IME_ORGANIZACIJE,ENASLOV_K,FUNKCIJA_K,IME_K,PRIIMEK_K,TELEFON_K,NASELJE,NAZIV_POSTE,POSTNA_STEVILKA,ENASLOV_P,FUNKCIJA_P,IME_P,PRIIMEK_P,SIFRA_ORGANIZACIJE,ULICA) values (10,'9','Vrhovno sodisce RS','ime.priimek@sodisce.si','Sodnik','Ime','Priimek','01239324234','Ljubljana','Ljubljana','1000','ime1.priimek1@sodisce.si','Sodnik II','Ime1','Priimek1','S01','Tavčarjeva ');


--Kartice
INSERT INTO KARTICA(ID,SERIJSKA_ST_KARTICE,ADMIN_PASS,BARCODE,DATUM_INIT,PIN3,PKCS11,RFID1,RFID2,USER_PASS,DATUM_VRNITVE,IMETNIK_ID)
VALUES(10,'570223512088E30B3B17EEEE','453566546456675675675676786786784563645656756745','078333','2013-09-24 01:41:49',
  'FE616C4C18172A3F','0111290E47A52685','0FFA4A01F9FF12E0','00002C803E','xxxx-xxxx-xxxx',null,10);

INSERT INTO KARTICA(ID,SERIJSKA_ST_KARTICE,ADMIN_PASS,BARCODE,DATUM_INIT,PIN3,PKCS11,RFID1,RFID2,USER_PASS,DATUM_VRNITVE,IMETNIK_ID)
VALUES(11,'570113512088EAAA3B17EEEE','453566546456675675111176786786784563645656756745','078221','2013-09-24 01:45:49',
  'FE616C4C18171A3F','0111390E47A52685','0EFA4A01F9FF12E0','0A002C803E','xxxx-xxxx-xxxx',null,10);


--Certifikati
INSERT INTO CERTIFIKATI(ID,AVTORIZACIJSKA_ST,DATUM_ODOBRITVE,DATUM_POTEKA,DATUM_PREKLICA,DATUM_PREVZEMA,DAVCNA_ST,DRZAVA,ENASLOV,IME_IN_PRIIMEK,IME_ORGANIZACIJE,
  KRAJ,NASLOV,POSTA,REFERENCNA_ST,SERIAL_NUMBER_X,SERIJSKA_ST,SPLOSNI_NAZIV_DNS,STANJE,STREZNIK,TIP_POTRDILA,TIP_UPORABNIKA,IMETNIK_ID,KARTICA_ID,STATUS_CERTIFIKAT_ID,SIFRA_SODISCA)
VALUES(10,'XXXX-XXXX-XXXX',NULL,'2018-05-23',NULL,'2013-05-22',NULL,'','miha.koncilja@sodisce.si','Creaplus test1','Vrhovno sodišče RS','Ljubljana','Novakova 1',
  '1000','12345678',NULL,'1234555890321',NULL,NULL,'','spletnega',NULL, 10, 10, 3,'S01');

INSERT INTO CERTIFIKATI(ID,AVTORIZACIJSKA_ST,DATUM_ODOBRITVE,DATUM_POTEKA,DATUM_PREKLICA,DATUM_PREVZEMA,DAVCNA_ST,DRZAVA,ENASLOV,IME_IN_PRIIMEK,IME_ORGANIZACIJE,
  KRAJ,NASLOV,POSTA,REFERENCNA_ST,SERIAL_NUMBER_X,SERIJSKA_ST,SPLOSNI_NAZIV_DNS,STANJE,STREZNIK,TIP_POTRDILA,TIP_UPORABNIKA,IMETNIK_ID,KARTICA_ID,STATUS_CERTIFIKAT_ID,SIFRA_SODISCA)
VALUES(11,'XXXX-XXXX-XXXX',NULL,'2018-05-23',NULL,'2013-05-22',NULL,'','miha.koncilja@sodisce.si','Creaplus test1','Vrhovno sodišče RS','Ljubljana','Novakova 1',
  '1000','12345678',NULL,'1234512890321',NULL,NULL,'','spletnega',NULL, 10, null, 3,'S01');

--Zahtevek za kodo
INSERT INTO ZAHTEVEK_ZA_KODO (ID, CREATEDBY, CREATEDDATE, CRTNA_KODA, HISNA_STEVILKA, IME_ORGANIZACIJE, IMETNIK_EMSO, IMETNIK_ENASLOV, IMETNIK_ID, IMETNIK_IME, IMETNIK_PRIIMEK, KARTICA_ID, LASTMODIFIEDBY, LASTMODIFIEDDATE, NASELJE, NATISNJENO, NAZIV_POSTE, POSTNA_STEVILKA, PREDSTOJNIK_IME, PREDSTOJNIK_PRIIMEK, SERIJSKA_STEVILKA, SIFRA_ORGANIZACIJE, ULICA, ZAHTEVEK_ID, STATUS_ID) 
	VALUES (10, 'T200003', '2014-02-05', 'KS018408989851931', '10', 'Vrhovno sodisce RS', '', 'marko.oman@sodisce.si', 13, 'Marko', 'Oman', 11, 'T200003', '2014-02-05', 'Ljubljana', false, 'Ljubljana', '1000', 'Ime', 'Priimek', '570117512088E30B3B17FFFF', 'S01', 'Miklošičeva', 10, 1);
INSERT INTO ZAHTEVEK_ZA_KODO (ID, CREATEDBY, CREATEDDATE, CRTNA_KODA, HISNA_STEVILKA, IME_ORGANIZACIJE, IMETNIK_EMSO, IMETNIK_ENASLOV, IMETNIK_ID, IMETNIK_IME, IMETNIK_PRIIMEK, KARTICA_ID, LASTMODIFIEDBY, LASTMODIFIEDDATE, NASELJE, NATISNJENO, NAZIV_POSTE, POSTNA_STEVILKA, PREDSTOJNIK_IME, PREDSTOJNIK_PRIIMEK, SERIJSKA_STEVILKA, SIFRA_ORGANIZACIJE, ULICA, ZAHTEVEK_ID, STATUS_ID) 
	VALUES (11, 'T200003', '2014-02-05', 'KS013923099851931', '10', 'Vrhovno sodisce RS', '', 'andrej.koncilja@sodisce.si', 12, 'Andrej', 'Koncilja', 10, 'T200003', '2014-02-05', 'Ljubljana', false, 'Ljubljana', '1000', 'Ime', 'Priimek', '570114512088E30H3B17EEEE', 'S01', 'Miklošičeva', 10, 4);
INSERT INTO ZAHTEVEK_ZA_KODO (ID, CREATEDBY, CREATEDDATE, CRTNA_KODA, HISNA_STEVILKA, IME_ORGANIZACIJE, IMETNIK_EMSO, IMETNIK_ENASLOV, IMETNIK_ID, IMETNIK_IME, IMETNIK_PRIIMEK, KARTICA_ID, LASTMODIFIEDBY, LASTMODIFIEDDATE, NASELJE, NATISNJENO, NAZIV_POSTE, POSTNA_STEVILKA, PREDSTOJNIK_IME, PREDSTOJNIK_PRIIMEK, SERIJSKA_STEVILKA, SIFRA_ORGANIZACIJE, ULICA, ZAHTEVEK_ID, STATUS_ID) 
	VALUES (12, 'T200003', '2014-02-05', 'KS018333989851931', '10', 'Vrhovno sodisce RS', '', 'marko.oman1@sodisce.si', 13, 'Marko', 'Oman', 11, 'T200003', '2014-02-05', 'Ljubljana', true, 'Ljubljana', '1000', 'Ime', 'Priimek', '570117333088E30B3B17FFFF', 'S01', 'Miklošičeva', 10, 1);

--Seznam citalcev SIGOV-CA
INSERT INTO SEZNAM_CITALCEV_SIGOVCA(ID,DATUM_IZDAJE,DATUM_VRNITVE,IME_IN_PRIIMEK,IME_ORGANIZACIJE,OZNAKA,TIP,SIFRA_SODISCA)
VALUES(10,'2010-12-08','2013-01-01','Ladislava Polončič','Višje sodišče v Ljubljani','21120648201501','ActivCard USB','S01');

INSERT INTO SEZNAM_CITALCEV_SIGOVCA(ID,DATUM_IZDAJE,DATUM_VRNITVE,IME_IN_PRIIMEK,IME_ORGANIZACIJE,OZNAKA,TIP,SIFRA_SODISCA)
VALUES(11,'2010-12-08',NULL,'Tattjana Premk','Višje sodišče v Ljubljani','21120648201502','ActivCard USB','S01');

INSERT INTO SEZNAM_CITALCEV_SIGOVCA(ID,DATUM_IZDAJE,DATUM_VRNITVE,IME_IN_PRIIMEK,IME_ORGANIZACIJE,OZNAKA,TIP,SIFRA_SODISCA)
VALUES(12,'2011-02-15',NULL,'Sasa Miketic','Višje sodišče v Ljubljani','21120648201501','ActivCard USB','S23');

INSERT INTO SEZNAM_CITALCEV_SIGOVCA(ID,DATUM_IZDAJE,DATUM_VRNITVE,IME_IN_PRIIMEK,IME_ORGANIZACIJE,OZNAKA,TIP,SIFRA_SODISCA)
VALUES(13,'2010-12-08',NULL,'Lidija Leskosek Nikolic','Višje sodišče v Ljubljani','21120648201503','ActivCard USB','S23');

INSERT INTO SEZNAM_CITALCEV_SIGOVCA(ID,DATUM_IZDAJE,DATUM_VRNITVE,IME_IN_PRIIMEK,IME_ORGANIZACIJE,OZNAKA,TIP,SIFRA_SODISCA)
VALUES(14,'2010-12-08','2013-10-01','Magda Teppey','Višje sodišče v Ljubljani','21120648201504','ActivCard USB','S23');

INSERT INTO SEZNAM_CITALCEV_SIGOVCA(ID,DATUM_IZDAJE,DATUM_VRNITVE,IME_IN_PRIIMEK,IME_ORGANIZACIJE,OZNAKA,TIP,SIFRA_SODISCA)
VALUES(15,'2010-12-08','2013-10-01','Mojca Kumalic','Višje sodišče v Ljubljani','21121042202317','ActivCard USB','S23');


--Zahtevek za preklic
INSERT INTO ZAHTEVEK_ZA_PREKLIC (ID,CERTIFIKAT_ID, CREATEDBY, CREATEDDATE, CRTNA_KODA, HISNA_STEVILKA, IME_ORGANIZACIJE, IMETNIK_EMSO, IMETNIK_ENASLOV, IMETNIK_ID, IMETNIK_IME, IMETNIK_PRIIMEK, LASTMODIFIEDBY, LASTMODIFIEDDATE, NASELJE, NATISNJENO, NAZIV_POSTE, POSTNA_STEVILKA, PREDSTOJNIK_ENASLOV, PREDSTOJNIK_FUNKCIJA, PREDSTOJNIK_IME, PREDSTOJNIK_PRIIMEK, SERIJSKA_STEVILKA, SIFRA_ORGANIZACIJE, TIP_POTRDILA, ULICA, ZAHTEVEK_ID, STATUS_ID, OBRAZLOZITEV_OPREME, OBRAZLOZITEV_PREKLICA, OPREMA, PODATKI_PREKLIC_POSLATI_I, PODATKI_PREKLIC_POSLATI_P, PREKLIC_IZDAL, RAZLOG_PREKLICA) 
	VALUES (10,11, 'T200003', '2014-05-21', 'PS234058277660041', '10', 'Vrhovno sodisce RS', '', 'marko.oman@sodisce.si', 13, 'Marko', 'Oman', 'T200003', '2014-05-21', 'Ljubljana', false, 'Ljubljana', '1000', 'Ime.priimek@sodisce.si', 'Funkcija', 'Ime', 'Priimek', '2234567392123', 'S23', 'Spletno', 'Miklošičeva', 10, 1, 'Vračam', 'Obrazložitev.....', 'Opremo vračam', 'E-naslov', 'E-naslov', 'Predstojnik', 'Prenehanje uporabe');


INSERT INTO ZAHTEVEK_ZA_PREKLIC (ID,CERTIFIKAT_ID, CREATEDBY, CREATEDDATE, CRTNA_KODA, HISNA_STEVILKA, IME_ORGANIZACIJE, IMETNIK_EMSO, IMETNIK_ENASLOV, IMETNIK_ID, IMETNIK_IME, IMETNIK_PRIIMEK, LASTMODIFIEDBY, LASTMODIFIEDDATE, NASELJE, NATISNJENO, NAZIV_POSTE, POSTNA_STEVILKA, PREDSTOJNIK_ENASLOV, PREDSTOJNIK_FUNKCIJA, PREDSTOJNIK_IME, PREDSTOJNIK_PRIIMEK, SERIJSKA_STEVILKA, SIFRA_ORGANIZACIJE, TIP_POTRDILA, ULICA, ZAHTEVEK_ID, STATUS_ID, OBRAZLOZITEV_OPREME, OBRAZLOZITEV_PREKLICA, OPREMA, PODATKI_PREKLIC_POSLATI_I, PODATKI_PREKLIC_POSLATI_P, PREKLIC_IZDAL, RAZLOG_PREKLICA) 
	VALUES (11,10, 'T200003', '2014-05-21', 'PS014056477661111', '10', 'Vrhovno sodisce RS', '', 'miha.koncilja@sodisce.si', 10, 'Miha', 'Koncilja', 'T200003', '2014-05-21', 'Ljubljana', false, 'Ljubljana', '1000', 'Ime.priimek@sodisce.si', 'Funkcija', 'Ime', 'Priimek', '2234567392123', 'S01', 'Spletno', 'Miklošičeva', 10, 1, 'Vračam', 'Obrazložitev.....', 'Opremo vračam', 'E-naslov', 'E-naslov', 'Predstojnik', 'Prenehanje uporabe');



INSERT INTO ZAHTEVEK_ZA_PREKLIC (ID,CERTIFIKAT_ID, CREATEDBY, CREATEDDATE, CRTNA_KODA, HISNA_STEVILKA, IME_ORGANIZACIJE, IMETNIK_EMSO, IMETNIK_ENASLOV, IMETNIK_ID, IMETNIK_IME, IMETNIK_PRIIMEK, LASTMODIFIEDBY, LASTMODIFIEDDATE, NASELJE, NATISNJENO, NAZIV_POSTE, POSTNA_STEVILKA, PREDSTOJNIK_ENASLOV, PREDSTOJNIK_FUNKCIJA, PREDSTOJNIK_IME, PREDSTOJNIK_PRIIMEK, SERIJSKA_STEVILKA, SIFRA_ORGANIZACIJE, TIP_POTRDILA, ULICA, ZAHTEVEK_ID, STATUS_ID, OBRAZLOZITEV_OPREME, OBRAZLOZITEV_PREKLICA, OPREMA, PODATKI_PREKLIC_POSLATI_I, PODATKI_PREKLIC_POSLATI_P, PREKLIC_IZDAL, RAZLOG_PREKLICA) 
	VALUES (12,10, 'T200003', '2014-05-21', 'PS253336477121111', '10', 'Vrhovno sodisce RS', '', 'miha.koncilja@sodisce.si', 10, 'Miha', 'Koncilja', 'T200003', '2014-05-21', 'Ljubljana', false, 'Ljubljana', '1000', 'Ime.priimek@sodisce.si', 'Funkcija', 'Ime', 'Priimek', '2234567392123', 'S25', 'Spletno', 'Miklošičeva', 10, 2, 'Vračam', 'Obrazložitev.....', 'Opremo vračam', 'E-naslov', 'E-naslov', 'Predstojnik', 'Prenehanje uporabe');


INSERT INTO ZAHTEVEK_ZA_PREKLIC (ID,CERTIFIKAT_ID, CREATEDBY, CREATEDDATE, CRTNA_KODA, HISNA_STEVILKA, IME_ORGANIZACIJE, IMETNIK_EMSO, IMETNIK_ENASLOV, IMETNIK_ID, IMETNIK_IME, IMETNIK_PRIIMEK, LASTMODIFIEDBY, LASTMODIFIEDDATE, NASELJE, NATISNJENO, NAZIV_POSTE, POSTNA_STEVILKA, PREDSTOJNIK_ENASLOV, PREDSTOJNIK_FUNKCIJA, PREDSTOJNIK_IME, PREDSTOJNIK_PRIIMEK, SERIJSKA_STEVILKA, SIFRA_ORGANIZACIJE, TIP_POTRDILA, ULICA, ZAHTEVEK_ID, STATUS_ID, OBRAZLOZITEV_OPREME, OBRAZLOZITEV_PREKLICA, OPREMA, PODATKI_PREKLIC_POSLATI_I, PODATKI_PREKLIC_POSLATI_P, PREKLIC_IZDAL, RAZLOG_PREKLICA) 
	VALUES (13,10, 'T200003', '2014-05-21', 'PS212336477124449', '10', 'Vrhovno sodisce RS', '', 'miha.koncilja@sodisce.si', 10, 'Miha', 'Koncilja', 'T200003', '2014-05-21', 'Ljubljana', true, 'Ljubljana', '1000', 'Ime.priimek@sodisce.si', 'Funkcija', 'Ime', 'Priimek', '2234567392123', 'S25', 'Spletno', 'Miklošičeva', 10, 2, 'Vračam', 'Obrazložitev.....', 'Opremo vračam', 'E-naslov', 'E-naslov', 'Predstojnik', 'Prenehanje uporabe');
