--Statusi
Insert into STATUS (ID,BARVA,OPIS,SIFRA) values (1,'#ccc9bf','V pripravi','01');
Insert into STATUS (ID,BARVA,OPIS,SIFRA) values (2,'#b99de0','Zaključen','02');
Insert into STATUS (ID,BARVA,OPIS,SIFRA) values (3,'#7874bf','Posredovano na CIF','03');
Insert into STATUS (ID,BARVA,OPIS,SIFRA) values (4,'#f2f0e8','Izbrisano','04');
Insert into STATUS (ID,BARVA,OPIS,SIFRA) values (5,'#4cbf3d','Preverjen','05');
Insert into STATUS (ID,BARVA,OPIS,SIFRA) values (6,'#c14545','Zavrnjen','06');
Insert into STATUS (ID,BARVA,OPIS,SIFRA) values (7,'#2ac7d6','Posredovano na SIGOV-CA','07');
Insert into STATUS (ID,BARVA,OPIS,SIFRA) values (8,'#1b6625','Dokončan','08');

--Statusi imetnik
Insert into STATUS_IMETNIK (ID,BARVA,OPIS,SIFRA) values (1,'#ccc9bf','V pripravi','01');
Insert into STATUS_IMETNIK (ID,BARVA,OPIS,SIFRA) values (2,'#b99de0','Zaključen','02');
Insert into STATUS_IMETNIK (ID,BARVA,OPIS,SIFRA) values (3,'#7874bf','Posredovano na CIF','03');
Insert into STATUS_IMETNIK (ID,BARVA,OPIS,SIFRA) values (4,'#f2f0e8','Izbrisano','04');
Insert into STATUS_IMETNIK (ID,BARVA,OPIS,SIFRA) values (5,'#4cbf3d','Potrjen','05');
Insert into STATUS_IMETNIK (ID,BARVA,OPIS,SIFRA) values (6,'#c14545','Zavrnjen','06');
Insert into STATUS_IMETNIK (ID,BARVA,OPIS,SIFRA) values (7,'#2ac7d6','Posredovano na SIGOV-CA','07');
Insert into STATUS_IMETNIK (ID,BARVA,OPIS,SIFRA) values (8,'#0d5cc4','Pametna kartica odpremljena','08');
Insert into STATUS_IMETNIK (ID,BARVA,OPIS,SIFRA) values (9,'#1b6625','Pametna kartica prevzeta','09');

--Statusi certifikat
Insert into STATUS_CERTIFIKAT (ID,OPIS,SIFRA) values (1,'V pripravi','01');
Insert into STATUS_CERTIFIKAT (ID,OPIS,SIFRA) values (2,'Prevzet na VSRS','02');
Insert into STATUS_CERTIFIKAT (ID,OPIS,SIFRA) values (3,'Prevzet','03');
Insert into STATUS_CERTIFIKAT (ID,OPIS,SIFRA) values (4,'Preklican','04');
Insert into STATUS_CERTIFIKAT (ID,OPIS,SIFRA) values (5,'Pretekel','05');
Insert into STATUS_CERTIFIKAT (ID,OPIS,SIFRA) values (6,'Zavrnjen','06');
Insert into STATUS_CERTIFIKAT (ID,OPIS,SIFRA) values (7,'Ostalo','07');



--Zahtevki
Insert into ZAHTEVEK (ID,CREATEDBY,CREATEDDATE,CRTNA_KODA,HISNA_STEVILKA,IME_ORGANIZACIJE,IZVOZI,ENASLOV_K,FUNKCIJA_K,IME_K,PRIIMEK_K,TELEFON_K,LASTMODIFIEDBY,LASTMODIFIEDDATE,NASELJE,NATISNJENO,NAZIV_POSTE,POSTNA_STEVILKA,ENASLOV_P,FUNKCIJA_P,IME_P,PRIIMEK_P,SIFRA_ORGANIZACIJE,ULICA,STATUS_ID) values (10,null,null,'OS016978994862831','9','Vrhovno sodisce RS',false,'ime.priimek@sodisce.si','Sodnik','Ime','Priimek','01239324234',null,null,'Ljubljana',false,'Ljubljana','1000','ime1.priimek1@sodisce.si','Sodnik II','Ime1','Priimek1','S01','Tavčarjeva ',1);


--Imetniki
Insert into IMETNIK (ID,CREATEDBY,CREATEDDATE,CRTNA_KODA,DAVCNA,ENASLOV,EMSO,GESLO_ZA_PRIKLIC,IMA_CITALEC,IMA_CITALEC_VSRS,IMA_PAMETNO_KARTICO,IME,KADR_ST,LASTMODIFIEDBY,LASTMODIFIEDDATE,NATISNJENO,OBRAZLOZITEV,POT_NA_PAMETNI_KARTICI,POTRDILO,PRIIMEK,STATUS_IMETNIK_ID,ZAHTEVEK_ID,IMA_PAMETNO_KARTICO_VSRS,IZVOZI,NATISNJENO_KONCNO,DATUM_PREJEMA_OPREME) values (10,null,null,'IS011246305862831','55555555','miha.koncilja@sodisce.si',null,'geslo','DA','DA','NE','Miha',null,null,null,false,null,'DA','Spletno','Koncilja',1,10,'NE',false,false,null);
Insert into IMETNIK (ID,CREATEDBY,CREATEDDATE,CRTNA_KODA,DAVCNA,ENASLOV,EMSO,GESLO_ZA_PRIKLIC,IMA_CITALEC,IMA_CITALEC_VSRS,IMA_PAMETNO_KARTICO,IME,KADR_ST,LASTMODIFIEDBY,LASTMODIFIEDDATE,NATISNJENO,OBRAZLOZITEV,POT_NA_PAMETNI_KARTICI,POTRDILO,PRIIMEK,STATUS_IMETNIK_ID,ZAHTEVEK_ID,IMA_PAMETNO_KARTICO_VSRS,IZVOZI,NATISNJENO_KONCNO,DATUM_PREJEMA_OPREME) values (12,null,null,'IS013020930720831','44444444','andrej.koncilja@sodisce.si','1234567890123','geslo123','DA','DA','NE','Andrej',null,null,null,false,null,'DA','Spletno','Koncilja',7,10,'NE',false,false,null);

--Nepovezan
Insert into IMETNIK (ID,CREATEDBY,CREATEDDATE,CRTNA_KODA,DAVCNA,ENASLOV,EMSO,GESLO_ZA_PRIKLIC,IMA_CITALEC,IMA_CITALEC_VSRS,IMA_PAMETNO_KARTICO,IME,KADR_ST,LASTMODIFIEDBY,LASTMODIFIEDDATE,NATISNJENO,OBRAZLOZITEV,POT_NA_PAMETNI_KARTICI,POTRDILO,PRIIMEK,STATUS_IMETNIK_ID,ZAHTEVEK_ID,IMA_PAMETNO_KARTICO_VSRS,IZVOZI,NATISNJENO_KONCNO,DATUM_PREJEMA_OPREME) values (13,null,null,'IS014043330170831','33333333','nepovezan.certifikat@sodisce.si','1234567890123','geslo456','DA','DA','NE','Marko',null,null,null,false,null,'DA','Spletno','Oman',4,10,'NE',false,false,null);

Insert into IMETNIK (ID,CREATEDBY,CREATEDDATE,CRTNA_KODA,DAVCNA,ENASLOV,EMSO,GESLO_ZA_PRIKLIC,IMA_CITALEC,IMA_CITALEC_VSRS,IMA_PAMETNO_KARTICO,IME,KADR_ST,LASTMODIFIEDBY,LASTMODIFIEDDATE,NATISNJENO,OBRAZLOZITEV,POT_NA_PAMETNI_KARTICI,POTRDILO,PRIIMEK,STATUS_IMETNIK_ID,ZAHTEVEK_ID,IMA_PAMETNO_KARTICO_VSRS,IZVOZI,NATISNJENO_KONCNO,DATUM_PREJEMA_OPREME) values (14,null,null,'IS014043330122231','88888888','nepovezan1.certifikat1@sodisce.si','1234567890223','geslo499','DA','DA','NE','Marko',null,null,null,false,null,'DA','Spletno','Oman',7,10,'NE',false,false,null);

Insert into IMETNIK (ID,CREATEDBY,CREATEDDATE,CRTNA_KODA,DAVCNA,ENASLOV,EMSO,GESLO_ZA_PRIKLIC,IMA_CITALEC,IMA_CITALEC_VSRS,IMA_PAMETNO_KARTICO,IME,KADR_ST,LASTMODIFIEDBY,LASTMODIFIEDDATE,NATISNJENO,OBRAZLOZITEV,POT_NA_PAMETNI_KARTICI,POTRDILO,PRIIMEK,STATUS_IMETNIK_ID,ZAHTEVEK_ID,IMA_PAMETNO_KARTICO_VSRS,IZVOZI,NATISNJENO_KONCNO,DATUM_PREJEMA_OPREME) values (15,null,null,'IS014047730122231','99999999','nepovezan2.certifikat2@sodisce.si','1234565590223','geslo499','DA','DA','NE','Marko',null,null,null,false,null,'DA','Spletno','Oman',7,10,'NE',false,false,null);


--Povezani
Insert into IMETNIK (ID,CREATEDBY,CREATEDDATE,CRTNA_KODA,DAVCNA,ENASLOV,EMSO,GESLO_ZA_PRIKLIC,IMA_CITALEC,IMA_CITALEC_VSRS,IMA_PAMETNO_KARTICO,IME,KADR_ST,LASTMODIFIEDBY,LASTMODIFIEDDATE,NATISNJENO,OBRAZLOZITEV,POT_NA_PAMETNI_KARTICI,POTRDILO,PRIIMEK,STATUS_IMETNIK_ID,ZAHTEVEK_ID,IMA_PAMETNO_KARTICO_VSRS,IZVOZI,NATISNJENO_KONCNO,DATUM_PREJEMA_OPREME) values (16,null,null,'IS014022730122231','00000000','povezan.certifikat@sodisce.si','1234565596663','geslo499','DA','DA','NE','Marko',null,null,null,false,null,'DA','Spletno','Oman',7,10,'NE',false,false,null);



--Kartice
INSERT INTO KARTICA(ID,SERIJSKA_ST_KARTICE,ADMIN_PASS,BARCODE,DATUM_INIT,PIN3,PKCS11,RFID1,RFID2,USER_PASS,DATUM_VRNITVE, IMETNIK_ID)
VALUES(10,'570223512088E30B3B17EEEE','453566546456675675675676786786784563645656756745','078333','2013-09-24 01:41:49',
  'FE616C4C18172A3F','0111290E47A52685','0FFA4A01F9FF12E0','00002C803E','xxxx-xxxx-xxxx',null,10);


INSERT INTO KARTICA(ID,SERIJSKA_ST_KARTICE,ADMIN_PASS,BARCODE,DATUM_INIT,PIN3,PKCS11,RFID1,RFID2,USER_PASS,DATUM_VRNITVE,IMETNIK_ID)
VALUES(11,'5701135120881AAA3B17EEEE','453566523456675675111176786786784563645656756745','077221','2013-09-24 01:45:49',
  'FE616C4338171A3F','0111388E47A52685','0EFAAA01F9FF12E0','0A0022803E','xxxx-xxxx-xxxx',null,16);


--Certifikati
INSERT INTO CERTIFIKATI(ID,AVTORIZACIJSKA_ST,DATUM_ODOBRITVE,DATUM_POTEKA,DATUM_PREKLICA,DATUM_PREVZEMA,DAVCNA_ST,DRZAVA,ENASLOV,IME_IN_PRIIMEK,IME_ORGANIZACIJE,
  KRAJ,NASLOV,POSTA,REFERENCNA_ST,SERIAL_NUMBER_X,SERIJSKA_ST,SPLOSNI_NAZIV_DNS,STANJE,STREZNIK,TIP_POTRDILA,TIP_UPORABNIKA,IMETNIK_ID,KARTICA_ID,STATUS_CERTIFIKAT_ID,SIFRA_SODISCA)
VALUES(10,'XXXX-XXXX-XXXX',NULL,'2018-05-23',NULL,'2013-05-22',NULL,'','andrej.koncilja@sodisce.si','Creaplus test1','Vrhovno sodišče RS','Ljubljana','Novakova 1',
  '1000','12345678',NULL,'123456',NULL,NULL,'','spletnega',NULL, 10, 10, 3,'S01');

--Nepovezan
INSERT INTO CERTIFIKATI(ID,AVTORIZACIJSKA_ST,DATUM_ODOBRITVE,DATUM_POTEKA,DATUM_PREKLICA,DATUM_PREVZEMA,DAVCNA_ST,DRZAVA,ENASLOV,IME_IN_PRIIMEK,IME_ORGANIZACIJE,
  KRAJ,NASLOV,POSTA,REFERENCNA_ST,SERIAL_NUMBER_X,SERIJSKA_ST,SPLOSNI_NAZIV_DNS,STANJE,STREZNIK,TIP_POTRDILA,TIP_UPORABNIKA,IMETNIK_ID,KARTICA_ID,STATUS_CERTIFIKAT_ID,SIFRA_SODISCA)
VALUES(11,'XXXX-XXXX-XXXX',NULL,'2018-05-23',NULL,'2013-05-22',NULL,'','nepovezan.certifikat@sodisce.si','Creaplus test1','Vrhovno sodišče RS','Ljubljana','Novakova 1',
  '1000','000000',NULL,'1234512890321',NULL,NULL,'','spletnega',NULL, NULL, NULL, 1,'S01');

INSERT INTO CERTIFIKATI(ID,AVTORIZACIJSKA_ST,DATUM_ODOBRITVE,DATUM_POTEKA,DATUM_PREKLICA,DATUM_PREVZEMA,DAVCNA_ST,DRZAVA,ENASLOV,IME_IN_PRIIMEK,IME_ORGANIZACIJE,
  KRAJ,NASLOV,POSTA,REFERENCNA_ST,SERIAL_NUMBER_X,SERIJSKA_ST,SPLOSNI_NAZIV_DNS,STANJE,STREZNIK,TIP_POTRDILA,TIP_UPORABNIKA,IMETNIK_ID,KARTICA_ID,STATUS_CERTIFIKAT_ID,SIFRA_SODISCA)
VALUES(12,'XXXX-XXXX-XXXX',NULL,'2018-05-23',NULL,'2013-05-22',NULL,'','nepovezan1.certifikat1@sodisce.si','Creaplus test1','Vrhovno sodišče RS','Ljubljana','Novakova 1',
  '1000','000000',NULL,'1234515550321',NULL,NULL,'','spletnega',NULL, NULL, NULL, 2,'S01');

INSERT INTO CERTIFIKATI(ID,AVTORIZACIJSKA_ST,DATUM_ODOBRITVE,DATUM_POTEKA,DATUM_PREKLICA,DATUM_PREVZEMA,DAVCNA_ST,DRZAVA,ENASLOV,IME_IN_PRIIMEK,IME_ORGANIZACIJE,
  KRAJ,NASLOV,POSTA,REFERENCNA_ST,SERIAL_NUMBER_X,SERIJSKA_ST,SPLOSNI_NAZIV_DNS,STANJE,STREZNIK,TIP_POTRDILA,TIP_UPORABNIKA,IMETNIK_ID,KARTICA_ID,STATUS_CERTIFIKAT_ID,SIFRA_SODISCA)
VALUES(13,'XXXX-XXXX-XXXX',NULL,'2018-05-23',NULL,'2013-05-22',NULL,'','nepovezan2.certifikat2@sodisce.si','Creaplus test1','Vrhovno sodišče RS','Ljubljana','Novakova 1',
  '1000','000000',NULL,'1234888550321',NULL,NULL,'','spletnega',NULL, NULL, NULL, 1,'S01');


--Povezan
INSERT INTO CERTIFIKATI(ID,AVTORIZACIJSKA_ST,DATUM_ODOBRITVE,DATUM_POTEKA,DATUM_PREKLICA,DATUM_PREVZEMA,DAVCNA_ST,DRZAVA,ENASLOV,IME_IN_PRIIMEK,IME_ORGANIZACIJE,
  KRAJ,NASLOV,POSTA,REFERENCNA_ST,SERIAL_NUMBER_X,SERIJSKA_ST,SPLOSNI_NAZIV_DNS,STANJE,STREZNIK,TIP_POTRDILA,TIP_UPORABNIKA,IMETNIK_ID,KARTICA_ID,STATUS_CERTIFIKAT_ID,SIFRA_SODISCA)
VALUES(14,'XXXX-XXXX-XXXX',NULL,'2018-05-23',NULL,'2013-05-22',NULL,'','povezan.certifikat@sodisce.si','Creaplus test1','Vrhovno sodišče RS','Ljubljana','Novakova 1',
  '1000','000000',NULL,'1234888550321',NULL,NULL,'','spletnega',NULL, 16, 11, 2,'S02');

--Seznam kartic SIGOV-CA
INSERT INTO SEZNAM_KARTIC_SIGOVCA(ID,DATUM_IZDAJE,DATUM_VRNITVE,IME_IN_PRIIMEK,IME_ORGANIZACIJE,OZNAKA,TIP,SIFRA_SODISCA)
VALUES(10,'2011-10-28',NULL,'Janez Novak','Višje sodišče v Ljubljani','21121042202322','ActivIdentity 144k','S01');

INSERT INTO SEZNAM_KARTIC_SIGOVCA(ID,DATUM_IZDAJE,DATUM_VRNITVE,IME_IN_PRIIMEK,IME_ORGANIZACIJE,OZNAKA,TIP,SIFRA_SODISCA)
VALUES(11,'2011-10-28','2014-01-01','Jana Kavsek','Višje sodišče v Mariboru','21121042202317','ActivIdentity 144k','S23');

INSERT INTO SEZNAM_KARTIC_SIGOVCA(ID,DATUM_IZDAJE,DATUM_VRNITVE,IME_IN_PRIIMEK,IME_ORGANIZACIJE,OZNAKA,TIP,SIFRA_SODISCA)
VALUES(12,'2012-08-10',NULL,'Jana Kavsek','Vrhovno sodišče Republike Slovenije','21120648201501','ActivIdentity 144k','S23');

--Seznam citalcev SIGOV-CA
INSERT INTO SEZNAM_CITALCEV_SIGOVCA(ID,DATUM_IZDAJE,DATUM_VRNITVE,IME_IN_PRIIMEK,IME_ORGANIZACIJE,OZNAKA,TIP,SIFRA_SODISCA)
VALUES(10,'2010-12-08','2013-01-01','Ladislava Polončič','Višje sodišče v Ljubljani','21120648201501','ActivCard USB','S01');

INSERT INTO SEZNAM_CITALCEV_SIGOVCA(ID,DATUM_IZDAJE,DATUM_VRNITVE,IME_IN_PRIIMEK,IME_ORGANIZACIJE,OZNAKA,TIP,SIFRA_SODISCA)
VALUES(11,'2010-12-08',NULL,'Tattjana Premk','Višje sodišče v Ljubljani','21120648201502','ActivCard USB','S01');

INSERT INTO SEZNAM_CITALCEV_SIGOVCA(ID,DATUM_IZDAJE,DATUM_VRNITVE,IME_IN_PRIIMEK,IME_ORGANIZACIJE,OZNAKA,TIP,SIFRA_SODISCA)
VALUES(12,'2011-02-15',NULL,'Sasa Miketic','Višje sodišče v Ljubljani','21120648201501','ActivCard USB','S23');

INSERT INTO SEZNAM_CITALCEV_SIGOVCA(ID,DATUM_IZDAJE,DATUM_VRNITVE,IME_IN_PRIIMEK,IME_ORGANIZACIJE,OZNAKA,TIP,SIFRA_SODISCA)
VALUES(13,'2010-12-08',NULL,'Lidija Leskosek Nikolic','Višje sodišče v Ljubljani','21120648201503','ActivCard USB','S23');

INSERT INTO SEZNAM_CITALCEV_SIGOVCA(ID,DATUM_IZDAJE,DATUM_VRNITVE,IME_IN_PRIIMEK,IME_ORGANIZACIJE,OZNAKA,TIP,SIFRA_SODISCA)
VALUES(14,'2010-12-08','2013-10-01','Magda Teppey','Višje sodišče v Ljubljani','21120648201504','ActivCard USB','S23');

INSERT INTO SEZNAM_CITALCEV_SIGOVCA(ID,DATUM_IZDAJE,DATUM_VRNITVE,IME_IN_PRIIMEK,IME_ORGANIZACIJE,OZNAKA,TIP,SIFRA_SODISCA)
VALUES(15,'2010-12-08','2013-10-01','Mojca Kumalic','Višje sodišče v Ljubljani','21121042202317','ActivCard USB','S23');

